<?xml version="1.0" encoding="UTF-8"?>
<!DOCTYPE mapper PUBLIC "-//mybatis.org//DTD Mapper 3.0//EN" "http://mybatis.org/dtd/mybatis-3-mapper.dtd">
<mapper namespace="com.jobll.web.projectInfo.issueInfo.cmtInfo.CmtInfo">

	<insert  id="create" parameterType ="com.jobll.web.projectInfo.issueInfo.cmtInfo.CmtInfo">
	INSERT INTO "CMT_INFO"(
			"CMT_IDX",
			"USR_ID",
			"CMT_CONTS",
			"REG_DATE",
			"CMT_STUS",
			"ATCL_IDX"
	)
	VALUES (
				(nextval('public.cmt_idx_seq')),
				#{usr_id},
				#{cmt_conts},
				#{reg_date},
				#{cmt_stus},
				#{atcl_idx}
			)
	</insert>

	<select  id="findAll" resultType="com.jobll.web.projectInfo.issueInfo.cmtInfo.CmtInfo" parameterType ="com.jobll.web.projectInfo.issueInfo.cmtInfo.CmtInfo">
	SELECT * FROM "CMT_INFO" WHERE "ATCL_IDX" = #{atcl_idx} and "CMT_STUS" = '1' ORDER BY "CMT_IDX"
	</select>

	<select  id="findOne" resultType="com.jobll.web.projectInfo.issueInfo.cmtInfo.CmtInfo" parameterType ="com.jobll.web.projectInfo.issueInfo.cmtInfo.CmtInfo">
	SELECT * FROM "CMT_INFO" WHERE "CMT_IDX" = #{cmt_idx} and "CMT_STUS" = '1'
	</select>
	
	<update id="delete" parameterType="com.jobll.web.projectInfo.issueInfo.cmtInfo.CmtInfo">
		UPDATE "CMT_INFO" set
			"CMT_STUS" = #{cmt_stus}
		where "CMT_IDX" = #{cmt_idx}
	</update>
	
	<update id="update" parameterType="com.jobll.web.projectInfo.issueInfo.cmtInfo.CmtInfo">
		UPDATE "CMT_INFO" set
			"CMT_CONTS" = #{cmt_conts},
			"REG_DATE"  = #{reg_date}
		where "CMT_IDX" = #{cmt_idx}
	</update>

</mapper>