<?xml version="1.0" encoding="UTF-8"?>
<!DOCTYPE mapper PUBLIC "-//mybatis.org//DTD Mapper 3.0//EN" "http://mybatis.org/dtd/mybatis-3-mapper.dtd">
<mapper namespace="com.jobll.web.usrinfo.UsrInfo">

	<select id="readPrjtSbjt" parameterType ="com.jobll.web.usrinfo.UsrInfo" resultType="com.jobll.web.projectInfo.ProjectInfo">
		SELECT p."PRJT_IDX",
				(select "PRJT_SBJT" from "PRJT_INFO" where "PRJT_IDX" = p."PRJT_IDX")
		FROM "PRJT_CNET_LIST" p 
		WHERE "USR_ID" = #{usr_id}

	</select>
	
	<select id="selectCmpny" resultType="com.jobll.web.cmpnyinfo.CmpnyInfo">
		SELECT * from "CMPNY_INFO"
	</select>
	<select id="selectCmpnyOne" parameterType ="com.jobll.web.usrinfo.UsrInfo" resultType="com.jobll.web.cmpnyinfo.CmpnyInfo">
		SELECT * from "CMPNY_INFO" WHERE "CMPNY_IDX" = #{usr_cmpny_idx}
	</select>
	<select id="selectAllUser" resultType="com.jobll.web.usrinfo.UsrInfo">
		SELECT "USR_ID","USR_NM","USR_LV",
			(select "CMPNY_NM" as "usr_pwd" from "CMPNY_INFO" where "CMPNY_IDX" = p."USR_CMPNY_IDX") 
		from "USR_INFO" p
	</select>
	<select id="select" resultType="com.jobll.web.cmpnyinfo.CmpnyInfo">
		SELECT * from "USR_INFO"
	</select>
	<select id="selectOne" parameterType ="com.jobll.web.usrinfo.UsrInfo" resultType="com.jobll.web.usrinfo.UsrInfo">
		SELECT * from "USR_INFO" WHERE "USR_ID" = #{usr_id}
	</select>
	<select id="checkId" parameterType="java.lang.String" resultType="Integer">
		select count(*) 
		from "USR_INFO"
		where "USR_ID"= #{usr_id}
	</select>
	
	<insert  id="create" parameterType ="com.jobll.web.usrinfo.UsrInfo">
	INSERT INTO "USR_INFO"(
          	"USR_ID",
			"USR_NM",
			"USR_LV",
			"TEL_NUM",
			"MOBILE_NUM",
			"USR_EMAIL",
			"USR_PWD",
			"REG_DATE",
			"ACT_STUS",
			"USR_CMPNY_IDX"
	)
    VALUES (
			#{usr_id},
			#{usr_nm},
			#{usr_lv},
			#{tel_num},
			#{mobile_num},
			#{usr_email},
			#{usr_pwd},
			#{reg_date},
			#{act_stus},
			#{usr_cmpny_idx}
	)
	</insert>

</mapper>