<?xml version="1.0" encoding="UTF-8"?>
<!DOCTYPE mapper PUBLIC "-//mybatis.org//DTD Mapper 3.0//EN" "http://mybatis.org/dtd/mybatis-3-mapper.dtd">
<mapper namespace="com.jobll.web.atclInfo.AtclInfo">

	<insert  id="create" parameterType ="com.jobll.web.atclInfo.AtclInfo" useGeneratedKeys="true"
    keyProperty="atcl_idx">
	INSERT INTO atcl_info(
		atcl_idx,
		usr_id, 
		high_atcl_idx, 
		atcl_sbjt, 
		atcl_conts,
		cmpny_nm,
		prcs_stus,
		reg_date, 
		atcl_stus
	)
    VALUES (
				(nextval('public.atcl_idx_seq')),
				#{usr_id},
				#{high_atcl_idx},
				#{atcl_sbjt},
				#{atcl_conts},
				#{cmpny_nm},
				#{prcs_stus},
				#{reg_date},
				#{atcl_stus}
			)
	</insert>

	<select id="findAll" resultType="com.jobll.web.atclInfo.AtclInfo" parameterType="com.jobll.web.atclInfo.AtclInfo">
		SELECT * from atcl_info ORDER BY atcl_idx DESC OFFSET #{atcl_offset} LIMIT #{atcl_limit} 
	</select>
	
	<select id="findOne" resultType="com.jobll.web.atclInfo.AtclInfo" parameterType="com.jobll.web.atclInfo.AtclInfo">
		SELECT * from atcl_info WHERE atcl_idx = #{atcl_idx}
	</select>
	
	<select id="findPrcs" resultType="com.jobll.web.atclInfo.AtclInfo" parameterType="com.jobll.web.atclInfo.AtclInfo">
		SELECT * from atcl_info WHERE prcs_stus = #{prcs_stus} ORDER BY atcl_idx DESC  OFFSET #{atcl_offset} LIMIT #{atcl_limit}
	</select>
	
	<select id="findCnt" resultType="Integer" parameterType="com.jobll.web.atclInfo.AtclInfo">
		SELECT count(*) WHERE WHERE prcs_stus = #{prcs_stus} OFFSET #{atcl_offset} LIMIT #{atcl_limit}
	</select>
</mapper>